idx,l_angle_knee,r_angle_knee,l_angle_hip,r_angle_hip,back_ground_angle
1,71.49187874522623,69.0902843309479,103.69691996619507,108.9421516513086,17.551953025588595
2,69.41467405416286,67.61461289277236,102.50777656605631,108.60802090163538,17.974424517041903
3,70.46643240909683,64.85592040254129,100.90506641846247,105.131326512938,19.723754916646183
4,68.00594438496964,61.81981058260007,99.04368325519462,102.98382436264964,20.1557709627688
5,69.12579363252242,62.7134211411568,98.48288056292527,102.11660125474145,22.591601304058045
6,67.0304953891223,60.82568652741181,96.24887436567407,100.72138485168041,23.400948849784392
7,67.58189979811712,62.115751110752264,94.05783114952757,99.29105564189759,25.554298413949894
8,65.63778954095004,59.33260051691484,92.11405345918577,96.64701511354642,27.85740893651613
9,65.74882509707172,62.20284890849593,88.24537276835501,94.7257771798054,30.624552075479635
10,65.00300471820727,61.690606375558495,87.90017458629858,94.61547571083764,30.751619551558083
11,65.58147176704637,61.44415426478916,86.41485380480258,92.42921288958381,32.31360463024362
12,65.5748631555028,60.727906969979934,85.28971906569491,91.41063706718349,32.97701426960999
13,63.70615642239046,60.20278805970844,82.69802318815127,90.20641868973948,33.88569594425024
14,62.04360228040431,59.04038641381986,80.44484018539727,87.9333036876237,36.49713989135827
15,62.374347581808,58.48046809378646,78.73400453915458,85.70137557628016,38.51178176242631
16,62.14451561750741,58.782421212890135,77.79805783879938,85.7074633261987,38.974509265463745
17,61.861546051162826,58.061156357004315,76.98092446276475,83.98122582494513,40.57744197715087
18,60.8647955744738,57.03449444578969,75.53278331340914,82.20381619862867,42.04023467860502
19,61.48709424637676,58.87235701030324,76.19494901095139,83.58264675244152,41.75237140949001
20,62.038218473046214,60.115774729215055,74.32676780930886,81.94739213219096,44.65090948078226
21,60.94399619583403,58.4660683845634,74.3261710286243,81.57426685810411,43.83497597342067
22,62.165063041268034,60.3816931797097,74.24874023372907,81.54952465991111,44.64053954741895
23,62.8210446844356,60.86274485403379,73.31908225649016,81.01447586776646,46.01686788398747
24,61.86977264771781,59.209779018741315,73.63010087270584,80.41165682617296,45.219375233931345
25,62.25365235974858,60.546258818255936,73.30842408825255,80.88828626650869,46.14685478952931
26,62.01157037726233,60.078396217260085,73.44256612775341,81.24783712316405,45.67937340983661
27,61.99794668390513,59.65148348316668,73.9530184548102,80.90480994518515,45.67551338880685
28,62.12114766358161,60.249599592941834,73.0951592394148,80.63709605754023,46.13423746111183
29,62.40519469568513,60.01849261170553,73.42496659270158,80.32480952295882,46.06462433181072
30,61.487315361870344,59.76131184065003,72.36790033789795,80.09112506279558,46.32225293160178
31,61.46810439323873,59.495507647771,72.44006687147453,80.19642611105309,46.5568202353233
32,61.565081865687254,60.475669077694505,72.95702306864351,82.01872158924803,45.827283516822654
33,62.74351596417105,61.16604331198452,74.22283148095553,82.3386954650533,45.39453649340298
34,62.04662343098202,60.18932632220635,75.50776757168558,83.49971422235474,43.726396036339416
35,62.84421726427513,61.59012452661585,74.40232872876732,83.24175217890519,44.54817736967506
36,63.31278190072556,61.9992998615383,75.4494916737992,84.3921117797869,43.991952637652595
37,62.19296534936521,60.89673680656785,75.89301329368496,84.72111744103346,42.53380349529156
38,61.96027371101993,60.479064208736936,77.4439045892274,86.68062384293717,39.63767246044083
39,61.48680525246064,59.887748061944905,78.40664138391202,88.15311922774035,38.25671890915924
40,61.86450273255843,60.233273366192435,79.67503968033796,89.3825679922543,36.17795840001396
41,63.06650325165883,61.45203711356951,81.59427879894473,90.53775803550393,36.36206016980668
42,63.109075350304245,60.22832181839306,82.78818588267276,90.70154328991607,34.74025923649932
43,61.9091522302583,59.0923462490833,86.096407327739,94.09367155114778,31.72202273319568
44,62.25919691505617,59.31304317103384,87.03530912938132,94.89006250748976,30.926589465964543
45,64.7964078923786,61.5059840389553,89.43374674595572,96.83519084904886,30.128620383092446
46,64.74346001617238,60.404856733222225,90.40473468429455,96.46569864687784,28.374364573276136
47,63.26852854950705,60.33055443615678,92.76256686426589,100.14175899295381,24.620478674083614
48,63.02513961056195,59.1335626626184,93.39876776689795,99.40047391875108,24.934950600716387
49,76.35750283483638,69.76732446622597,104.01113467571498,107.83481285444799,21.460683279792793
50,78.60544496169443,71.12471060018747,107.27774190463631,110.94409947096389,18.10566635907535
51,79.40700099483865,72.95054427699337,107.22852213666134,111.50738406593253,19.18772159358864
52,82.8979684558246,76.06857688084628,112.11701184203129,116.08820157177334,16.910339786757493
53,81.35660118195095,75.65737546758703,112.1109496919226,116.1384424716431,16.613904986139826
54,84.26728386410223,72.17850481864662,116.67108333462085,115.8578029600672,13.896146369941503
55,70.22176736373135,65.11676919673837,107.4532954112797,110.27575072701188,16.500161646642542
56,87.87509861215064,75.69415731763932,119.68321643972057,119.780037672256,12.943656550259954
57,72.53094623839698,66.27942772198611,110.72888376121763,111.03480960767178,14.728387444015002
58,91.65892582494776,-1.0,121.89132113217335,119.16784038199798,45.03773279742135
59,92.67646548513295,76.14393621759605,124.1341888293571,120.7118136950857,12.247945400776963
60,91.63615773532884,74.69424929785826,128.12785161511033,124.07260546852608,8.77829847734562
61,91.01424407804657,76.00941995030618,128.15541161052863,126.48647659939579,8.352075575112957
62,89.67411054144597,76.12202261996265,129.13225623258882,127.25782009855773,6.972233560302275
63,92.164643146284,77.41390033553736,129.79260975635324,127.6880461879574,7.037696228689702
64,92.65567784076434,77.66525323661739,131.8907275100076,129.75982036949802,6.711580468117609
65,94.3062672626337,80.58449572198066,133.62810705864462,131.68624264280365,5.184159928366574
66,95.89186646436609,81.06523108101595,136.66701915514525,133.917329313514,2.734115113132338
67,97.29759386636293,83.10296793530419,139.010786192685,136.3018695208569,1.5067650090196452
68,97.76159114848075,85.39586717327359,140.42841547053447,139.1514831021961,0.15098322958360744
69,95.9395770115016,83.67926252496187,140.33305685115158,138.6762024200202,0.13194555095626384
70,95.40559717057363,84.45359299780098,140.66883606575945,139.03335004848228,0.6987261832742075
71,93.74176255356686,82.96595630748794,139.59337207701512,137.88321000563897,1.1322796868745038
72,93.84152311529114,85.9490552992145,143.20099561271996,143.57605776516405,4.979890065738778
73,91.79640315340595,91.36633593357782,141.86964661432148,144.91873965488548,4.1589621423217515
74,87.87361370194515,83.54829292298938,141.56565436750103,142.83097371714055,5.536858727131395
75,90.90200998445498,88.88399398039377,140.0587533929626,142.6628434218122,3.0652808667945504
76,91.00244008535603,88.28876797977554,145.36086261823297,146.05037273405694,6.348076968436788
77,92.48833095781573,89.44599383432765,147.56640262126695,149.73754367176775,9.084808596783423
78,91.5895724568134,95.55994745741923,140.4415956571264,148.81242527491054,3.1153686395045823
79,92.54391594090163,95.82503341771918,141.13408589230858,148.17512840410063,3.471088429424544
80,84.31105794983809,91.9123628968321,136.22292292609296,144.74125900365763,4.130329791573723
81,88.94232559859446,93.7166564895703,141.96154946494698,149.1411619917426,6.640788973519554
82,87.53277785627328,94.03554643125793,138.39923902101484,147.0412041707479,4.102516702548248
83,80.75643582011621,89.088773584272,134.40357903575972,143.61686811769286,5.513431657445874
84,79.85964778314823,88.94172832177988,132.68293828473668,142.96039878228297,3.9081591388306482
85,77.92613433138139,87.44045512917126,128.57379900974843,140.67482875090133,3.585339733789802
86,79.91651862404017,89.93432339920824,131.99677086409417,142.38713355245272,4.119067214701949
87,80.47837645202452,91.69428304861145,132.95620657552595,143.8930074762449,4.428382881761045
88,81.533191223324,92.498804423022,133.93128216405597,144.86558573615113,4.085903282041707
89,82.35782342069584,91.36997681299934,133.6579181501787,143.888452215468,2.933556828844598
90,79.58626944004713,88.37732065197464,131.1527206639286,141.42234388729386,2.2023312633514402
91,78.67926013210024,87.45096222311527,132.90621653780823,142.52492869088374,4.476776087316722
92,81.91313305396946,90.82168607913994,134.66816156564306,145.35464908852683,5.33752211937953
93,80.36020184333243,89.56447040380024,132.5848061371786,143.63080525144224,4.288845178394307
94,80.48401679378497,89.60591221799591,133.64994943054796,144.54544412293683,5.099263518067162
95,85.1655309549465,92.63553936893412,139.9114220768981,148.91814569811777,7.870023532667101
96,83.67114745643445,91.58049927266723,137.68127401140592,146.27133607489407,6.076142428850488
97,90.68104889484164,94.15849559718916,143.47265563057786,150.46287806570257,7.428509743577872
98,88.63754531533294,91.94990876961946,140.74663594521732,147.83057897364483,5.712647043601012
99,86.5013129675613,81.69564302549377,145.40538642108328,143.92969172915306,9.911042367015868
100,92.35487037211104,81.76015183845593,146.96400848528995,145.60058441099918,9.56715651707468
101,93.81763682585517,82.50194413165661,145.0226415034999,142.594049568383,8.055591386233893
102,92.13337861259394,83.1448961813831,142.54950967151098,142.48656752566853,4.7217762203602955
103,95.08747699560021,83.91699270738745,140.50158873095126,139.1000769080535,1.2654139449794513
104,96.37445307791556,84.70219756495739,141.4946654476297,140.7607195395583,2.6416589314784313
105,96.14326209091838,84.50397264159258,137.86675909103982,137.48532821980913,0.9702234564707011
106,94.45122427998548,82.40935864979339,136.89141363600166,135.81774764773448,0.49001656906942964
107,97.3066092193249,82.46534660771634,133.2419741829685,131.48234445563952,5.74379445476214
108,85.9550224659695,79.87518584171231,127.06615344325299,128.00974364127094,3.3559640745108084
109,72.82859304018652,71.06459042104383,117.46024906637743,118.81350629827581,5.8531637938096654
110,90.29336871243919,75.08128255074247,124.5793739302393,122.98658203347152,8.598950865722603
111,87.08554709311655,72.8054254728895,121.34050685888234,119.68217863513132,9.461723430963586
112,85.75045669398048,-1.0,117.17287566934962,116.50838516778421,45.554733454673745
113,79.46900618751577,70.03733925358937,114.00620455666962,115.86880366034708,11.038542599934384
114,79.20579830117758,69.76436693472039,111.03580854321011,113.27814279398909,13.014655267324477
115,76.82573514782392,67.86518254386574,107.71226998722159,110.7634185483563,14.778520172610385
116,74.28108415710123,64.14139893706802,105.52007265522157,107.79019033595938,13.373213116919532
117,74.79926593620735,68.32396856307768,105.74154696337276,110.12646250831878,17.167049662883613
118,73.7262455780276,67.50329489160201,101.55870458252963,106.68674854055256,20.542425808500052
119,72.4856850847576,62.41823925967069,98.47511287581564,101.90158287355668,20.94032884099393
120,71.04327434302432,64.8676711175861,98.59586449731147,102.91164917264909,22.370260560043757
121,70.67148403745249,64.703519185118,95.59376254840049,101.11563108633568,24.270025652425453
122,70.05354723752062,64.74225428259767,95.07768235799884,100.72983724452773,25.068192569206264
123,70.44912564275631,64.34043340005601,93.56817801092951,98.85949790362058,27.135756827315554
124,58.975916763953435,55.68191647325878,86.73048304581464,93.67577400047114,29.790355061647293
125,68.33875210746537,62.913305122658606,88.77523556146454,95.26844875955989,30.757276997370685
126,67.94919682632533,63.24026947720337,87.03335176147857,94.53165791763566,32.40954239262374
127,66.40418819075241,62.291136658479616,85.04778286014387,93.27348804559404,33.82075737544896
128,67.14394356151855,62.59512739655761,84.26004975831984,92.1280368226551,35.14158890370983
129,58.31381559045851,56.314172032041355,79.60154806766364,88.36374629291687,35.1309562402491
130,57.522558885361015,54.51770680489641,77.83386756420461,86.475000405607,35.75490674322257
131,57.86739006122405,56.40713377228315,76.43537773599844,85.93548895303489,38.18384923420479
132,57.85263501346389,57.42012356469569,73.97093992354776,85.04100999641744,39.91611361216961
133,57.73252997115339,57.24322344583082,73.4594928468961,83.92664985139766,40.958433937160805
134,57.176994245137294,56.21708919367718,73.57456649787143,83.83655984237552,40.7757691939583
135,57.89753846775952,56.93360149379999,72.51504800808506,82.37703785971068,42.32284841576189
136,58.04460175871757,56.501394959556535,72.84678945547421,82.55631464516703,42.04811769818874
137,59.39226074367162,59.45044927579578,72.05739026382581,82.84633481541621,43.84525190635907
138,57.80662960643487,57.914217111419745,71.06611945714636,81.89914929988957,43.33321572207238
139,59.610232350066795,60.590215140775925,71.21812642550873,82.8402108029844,45.44428754460181
140,59.99203480597385,59.501004083562094,72.38233770079836,82.61531001362518,43.646578775564535
141,59.68931208311373,59.472376374847144,71.83029841518376,82.53871152644795,44.28411669559539
142,59.58845254256162,58.73476262967997,71.7934777035247,82.45389886587307,43.958958792491565
143,60.81560756816545,60.04490197889912,70.93974171648182,81.28577217388546,46.1836921063937
144,58.85052442609802,59.92860559719889,70.3200552042721,82.80066813565954,45.027572557791224
145,59.25209485548874,58.21838457568629,71.87634598456208,82.667071140521,43.79386898082813
146,60.172902912750004,59.68296803012216,71.67028271903345,82.68275314073519,45.241811462462834
147,58.66518523761854,57.8828939211165,72.97955913961265,83.60033665785896,43.2685455639295
148,59.085895043079475,58.71940134628274,74.16222281260374,84.98125608171674,42.604532681073636
149,58.94645663801959,58.702101324565795,74.02990614548999,85.15046284838063,42.03379815380201
150,61.05662183319365,60.89370523861483,75.53032575629422,86.52775429772393,41.43010915466547
151,58.889890012165885,58.80734903516255,76.00379989669595,88.06976130328603,39.149257781006256
152,67.67826489099895,63.05952993243,80.83450401194865,89.70333559007653,38.702554001057344
153,67.39647361957688,63.205836800149825,82.02545932044423,90.7165553811163,37.401656550306456
154,66.67906318139524,62.962198233241125,82.83530618446203,91.74062548717714,35.8114043800108
155,66.4071551976652,61.30609549512936,84.23125717248534,91.8395689321234,33.820402987210855
156,66.35176569802519,60.487392269232956,86.68075675740357,93.5305209413917,31.12917695818322
157,67.39852117787323,62.481465717596386,88.94649370975313,95.65331938891794,29.217629915099
158,68.09540678437439,63.660704717611566,90.3795794005556,97.05294227994675,28.58820436143388
159,67.4081369268903,60.75608441029294,91.38811192441253,96.5093740240628,26.49498299806798
160,67.29286757904424,60.40111058567959,93.42030560498775,98.39324058205588,24.121470433322695
161,68.52733744625701,61.65918547050172,95.21444278889022,98.92353794949967,24.61615447937574
162,71.61298977738952,63.817109570541454,99.31516368725741,102.62997440892929,22.07311102943157
163,73.280426303198,64.56938357881756,100.93659078496316,104.57933314020168,20.39849195429379
164,75.6779652387644,64.16889828700602,103.75428241492331,105.54756506085637,19.360962430050925
165,77.31087513887749,66.55713171271987,106.09128899683918,109.11104815870486,17.698928649746254
166,78.07912937883341,65.68698951325216,109.51565093337015,109.92269263150112,15.664794727391309
167,81.16654204324149,68.71228204893819,111.62436571868852,111.48060293495183,15.16311134414843
168,82.05297514510875,70.66744852371717,114.13438377467376,115.52283293796259,12.731487932878565
169,83.72642260415242,69.74666406629119,117.5133479754648,115.97199200364896,10.486632295084126
170,68.76109897996879,62.85879473477425,109.1998175279328,110.35578611732335,12.833469588007885
171,70.64005030022639,63.59087142332663,112.54066390024707,113.0141216199909,11.367935005548553
172,71.83675727335185,65.8405518119443,113.39769136477165,113.77281780368051,10.848642966275294
173,70.18756855031951,64.83794514649325,114.79453122489197,115.92088931674321,9.119009395592355
174,72.90764384267747,67.28917445532905,117.22605453903934,117.66515967651259,8.653385477175885
175,73.05117117715871,67.8880706074246,118.64422182862708,119.20340879344924,7.091845527763794
176,74.11712873333748,69.8549263716659,121.48315237966378,121.97811037809527,4.882027180115245
177,88.80157042320158,78.840275274908,131.57536401129067,130.88622806208235,1.9854585845169945
178,89.7710390709744,79.62917772940806,133.93395400609307,132.4072441756939,0.8133817069899061
179,88.68691704135124,79.41915148640265,134.10667396606468,133.0157483102017,0.4273243062881744
180,87.10023514183975,79.29139121895486,135.36942230173395,135.64888398710303,1.9321570139777746
181,88.45348576691299,80.67153138574865,135.4547080648526,134.4193741090676,1.8983342429158274
182,87.91071452154812,80.75004647551526,136.10003377138366,137.41711776568704,2.5347291419143074
183,92.33245052074699,82.65788701453,143.72599539978444,143.55643960360803,4.004354805635846
184,85.88103526189559,77.62002029445357,141.37288120727422,139.27239284160038,6.988055602214454
185,90.56075483855524,80.68797000311415,142.97064865957347,143.04860929580715,5.299621461014519
186,87.89134670537874,83.67905601255237,138.44605293335314,138.68936077971807,3.1879336716338127
187,89.227937823942,82.77407249462689,145.49754489676243,146.77786944826838,8.228208622477698
188,88.52124910789719,83.93292086716248,144.48391859342482,143.4739290176382,7.302943286196768
189,89.06006532925508,87.38849902604296,137.03066001181122,139.42394672351512,2.2253821273797145
190,83.33458546527977,88.48955598287797,135.88046729806922,143.20267886262218,4.64691113494471
191,88.85537577099484,86.0154058572523,138.8329751990868,140.9992854875818,2.9449533366592267
192,80.00356316995016,87.09483303555405,133.05398399696986,141.6954942020358,2.4408910099848384
193,81.90326002279065,88.37174742296314,134.74865589915012,143.8155968352861,3.5581948161500945
194,79.26858213138036,87.4868950066982,132.70721079753784,142.2643556625712,3.372697723527263
195,80.16959782737533,87.64787184588042,133.23066937297196,142.95988150865344,4.248090892852676
196,75.82903155755328,84.20267563737515,130.01719949020767,139.0177267890882,3.8395963379535125
197,80.04229182505964,88.09780837236259,131.80837286938552,141.37727654907798,3.4767546142714543
198,83.91247145182335,92.62894644657402,136.64892862399572,144.79861470840834,6.132070969647147
199,94.48742957288081,93.42459986858938,143.79033429363366,146.36659943490648,4.398705354995508
200,87.87198598649105,88.68898806882775,140.9628090874714,143.4480595296558,6.363362144805684
201,82.01239837189966,90.37147624519115,134.8152043698075,144.27896483249924,5.298166436973136
202,79.63954342130569,88.71900601055592,133.74151088957035,143.1747996500768,5.51189097352653
203,91.0114613721986,89.72741546644725,145.25202506583406,147.16981829073313,6.783994811318729
204,82.6377223730174,90.43434744544611,136.92562822052068,145.44971472682266,7.077756320928924
205,82.66313250626055,91.50127199208205,134.02551776135218,144.43749200712517,4.268419597066363
206,82.68172021026214,90.15980045703091,134.61653431820153,144.0283629706266,3.711703958991784
207,79.50541247531102,88.32941053790572,131.19411768949712,142.35220445571787,2.966321501904161
208,87.89138842072997,88.9285256978664,139.81151887724462,144.53756970392297,2.8698939905076415
209,85.88930930085053,84.84233921119096,143.03917711540842,143.55446806064163,6.817233740354436
210,84.51051605166525,88.78551852986772,136.2049069228678,143.59105071612788,3.1819867720827792
211,85.60403029411457,89.08023078131048,136.92912557256165,143.09950404138544,3.431008297984547
212,86.66763981044556,82.4132703374226,136.6870184586866,135.32753685377804,2.2616350662892564
213,87.45321461110575,78.51353401313122,142.76365864662077,139.01930362811117,7.076357888808455
214,87.24755447239167,77.86474100011328,141.50298414286294,139.05340127986815,5.309710034567152
215,86.93451745200036,83.839283124589,139.7593809169889,143.37575572918618,7.434867322404125
216,88.60533234973971,81.59003376060791,137.61252439392425,138.4862206376378,5.203827608387549
217,86.48851307494773,80.0217292856421,137.15647869938718,138.99691298756468,5.865114322516987
218,87.05591209579404,80.9888042241215,136.2990925083816,138.45042394006327,3.559965106726008
219,89.07916143840971,81.20479085543633,133.90668602636757,134.05463941769807,0.3154509687300755
220,76.20473715710165,72.69905206123482,124.64384483960953,125.54945731872809,3.0849989841893324
221,75.94169825372069,71.38773591806668,121.24148141651821,121.97359962330374,5.2682196492259346
222,73.40180289555747,70.08005706459211,117.21223660753311,118.15933812754572,6.84086251818124
223,85.46292374504186,75.16443000738764,123.63339341168206,122.99018794110728,5.459975023474121
224,80.16074397321151,71.50776547565965,119.62924926566086,121.00152520611562,6.648565248610657
225,80.20677838297789,69.92676917389795,117.42318323025337,118.10099946872592,7.785873432246257
226,79.39135931358871,69.61038653460578,116.31879255536518,116.57514818918072,8.875712300592909
227,79.7419020808159,69.65378851580265,113.77928027166944,114.8290614797118,10.854872105138245
228,78.3465653975175,69.40723018552215,110.89974585207757,113.82688403105638,13.39478647774307
229,77.20651134793641,67.11262426135451,109.46989993203256,111.41410940778522,13.406457273368462
230,74.74908969695215,69.69873379638477,107.1216786779871,112.21702436823546,16.06127906674787
231,74.75021982040079,67.49532204408695,106.67842107465223,110.02558885121294,16.80577554624369
232,75.76181680899121,69.7369970771946,104.08121030805897,108.41423267301943,20.600798296045017
233,72.98336029817635,67.08861531833608,101.20233779669312,106.79939522527218,19.94734731214702
234,71.32717938768829,65.10261138442009,100.44254769592668,106.1137338046292,19.161031630119282
235,69.8874244742652,63.480247943581396,96.09441587573674,101.76511397023215,22.795386929214082
236,70.79791915829284,65.31209087231848,94.0458906829997,100.9999036364648,25.99453070971375
237,68.67669811241852,62.990129473053784,93.34010645321698,100.44519983505627,24.523759914736075
238,67.3015969314568,62.609016077994184,90.87388676233518,98.29231218294984,28.63279438173425
239,67.56923895289894,60.68692994104322,89.41658734632294,95.50155444345556,29.277188000585515
240,69.42674366861286,63.14520446895837,89.33148079007877,95.38779993951763,31.363572402528536
241,59.24201317529617,59.81097597568795,81.70207697389215,93.19133197102552,33.05986663873967
242,58.237923551886006,55.553411103153515,80.71542880253509,88.87441411896677,33.39261902569925
243,58.97567998249045,56.44342154212132,80.93008136732492,89.97932106148534,33.128057558029205
244,58.80539872972947,57.026370688865235,80.46400821602278,90.03418213829424,33.313489473934865
245,59.72188747143031,58.59741712647899,79.5309757538308,89.05704386000525,36.12227156835562
246,59.75448270040296,60.51189457885974,77.21105295032199,89.2360859124255,38.63884531694088
247,59.28779110640549,59.00904582646582,75.95031647724664,86.66863700243815,40.59784389155175
248,59.79212365249748,59.3212699685052,76.26967128127565,86.37750885766009,40.63172740258317
249,58.435635093226594,58.225609344311046,73.65903004830707,84.38373774280919,41.01677839847589
250,59.44006882838098,58.542172135721174,74.8279341508216,84.3220914532467,41.047974342268546
251,60.21865645002492,59.24713560612523,74.64002975455793,84.14035563726124,41.92018477330331
252,61.53250048724737,60.75568236782838,74.38739074204956,83.55760394299345,42.62673935764846
253,61.536427302977394,60.52354919294109,73.95954760904407,83.07707042265805,43.630306502882746
254,62.28910835480301,60.80314343973589,74.26168496628783,82.70214187028053,42.64937354773346
255,61.286926380209266,60.53617101869909,73.88950369425372,83.31964126057403,41.91418505731396
256,62.01278335363161,61.3226470383829,73.77771205080265,83.20474309110527,43.68710813195137
257,61.150536015385775,59.577430910274174,74.39314165356448,83.86836193732816,42.94644664513416
258,61.78149501954189,60.10359243649845,75.40669305505999,84.38373221977814,42.108973551864615
259,61.58477089968363,61.22875428800946,74.98591662075128,84.62432090786245,42.15684963362877
260,60.39651417384701,60.95041691416563,74.71540997973814,85.6274856026531,41.466085497275614
261,59.47901758136753,59.89604379272373,74.85394059919685,85.31943028389513,40.73077699361431
262,58.737942148036936,59.27247204178934,76.24476693808485,86.96873512344135,39.200620316831014
263,59.05473883547525,58.52901722290341,77.16303370095204,87.18528464567261,37.78162685281049
264,59.509782475782245,59.36553354178939,78.3665139574785,88.62995078296242,37.540184790867855
265,60.20461122407282,59.98868017444362,79.23573174518116,90.0367263041916,36.09908096610243
266,61.677053206670784,60.6884781893842,80.61424298358743,89.87758854939543,36.308563970105354
267,59.26632280978917,58.13066748608434,80.95417467599206,90.46734398072257,33.696082558200494
268,58.0832661525835,59.107801635706366,80.35695177601376,92.44157867603863,33.87690309338954
269,59.78679103105264,59.00180526235806,82.98557868560735,92.715630060013,32.15400130788739
270,59.66946414125032,58.77713821290467,83.70608018214445,93.35757555331693,30.976607592951368
271,59.72574976430552,58.98304531442974,85.00497074322148,94.68943483624187,29.990056553967715
272,69.0277795813427,64.38047349579057,91.13587409492264,97.70578590542326,28.6629833963592
273,69.06428808089454,64.2487134388399,92.2833436160963,98.49120426189694,27.37773899617719
274,69.28951672356784,64.23681967791292,93.1182469957866,99.0140916885833,25.743843305132422
275,69.40298057515456,64.05553786911672,95.19693444193487,101.71366678745784,23.226383758867243
276,69.31817040260674,63.15599514174987,97.36797578842987,102.64324562284007,21.447338951644497
277,71.70391210239494,65.44276422733925,100.3499873673072,105.59609446724184,21.182236434888605
278,70.97335700146942,64.64072260670133,100.42339355056565,105.50389313705472,19.92693198436228
279,73.21465830441154,66.26581819578314,102.14968295392687,106.13286106713524,20.137352669863553
280,74.84603384537633,64.0360329247285,103.99961076069796,106.44621213649093,18.83874939721734
281,74.18327154589785,63.50437166178103,104.64259841229348,106.16110627871552,17.54272868638273
282,75.63796249117007,64.97022003025364,107.99785557249884,109.03298247123514,15.914652394014933
283,77.80961968424954,67.20988753419606,110.70924574284265,111.7713833584053,14.578248431805722
284,76.9103722111305,65.29676572262672,112.27506088993925,112.76989787440601,11.682895325700967
285,78.51648060836197,68.39148453446977,114.84344115165126,115.75186377005143,11.28806303729103
286,79.5748484366687,68.88291504384058,116.23924957564284,117.22482609495145,9.121178251099137
287,83.56883741557989,67.2879321304285,121.52075972779411,117.21616897736425,9.171227695541923
288,67.41046093932358,64.75691396719958,114.59791692794907,118.60066750614922,6.495326052908955
289,81.99195006158998,72.34695718360095,123.17900352026602,123.4710939325023,5.5948437171983105
290,82.43690906817088,68.86074441245044,126.64730641300942,123.7828318199612,6.430356394255471
291,85.72191558881319,72.34379650423557,129.07451118840797,126.55428253280589,5.5936655976348195
292,90.09522682954892,74.46476150548853,132.64017500097245,128.2331627915,4.109710628280021
293,91.97785636180987,76.97881875744368,133.06998524793693,129.10564436183589,5.212980900573209
294,93.06854076728062,76.8148348235908,135.81701385361256,130.75122950535777,3.4233735184296767
295,87.64485495535149,78.55080754283273,131.4228112846384,130.79821061927473,1.5036314352261346
296,96.29992251899854,81.8016248309925,138.72177970867787,135.632603904933,2.644033518110056
297,94.33501839783554,81.37040993869338,139.4117051103129,137.2872355873437,0.6684319526284115
298,95.58553472116559,83.24918878413065,140.31516601306458,137.75862080195088,0.04127261488906753
299,94.7241279252712,83.05958775026996,139.56965535746164,138.61269272201952,0.8570163542297473
300,93.71722701831729,85.07374910606468,142.88221828549692,143.86951929898075,3.7532180504177974
301,90.31727464672775,82.12420685390725,140.7472486209402,141.58152064101483,3.3347060250122253
302,89.74594397532344,80.51634741690228,141.34296322607102,141.65312127367764,3.955544343694049
303,87.90386604415193,80.27714831807887,144.22608039682962,144.99183765790966,7.23220773998688
304,87.25515368381541,80.74800971112028,145.83710966656528,146.15970146463235,9.75514980821433
305,89.39843859819075,80.36867468301456,144.60307319544077,145.39746097991195,7.2266143434612164
306,90.62555838555384,82.30321472486587,145.5158346473909,146.24101719720895,7.547641774475807
307,86.09530786193305,84.43064405573087,142.38794552064806,142.46740311416028,5.464584596322902
308,84.22133971054822,89.6073564236225,137.43925999043122,145.47947205791817,2.885501495548511
309,84.37777661747911,89.49329030246794,137.8203015611179,146.20552385377314,4.339756295721236
310,84.31749394667965,88.31453578142408,136.42580986346522,145.02139811543202,3.9769612818570685
311,86.06777355209101,90.04808534849718,138.92735317150812,147.15606755529575,5.111989251223875
312,81.19955911603384,88.62494924189502,135.09229029354202,144.49621124632623,4.803938844761684
313,77.43317024741515,86.67454082617645,133.6195005300557,143.87686899549138,5.520856650327336
314,76.54575614527009,85.65075676039076,132.3447626400553,142.28926101040997,5.961300377745921
315,85.62965633180244,92.20277246069244,139.71786903687425,148.97207793944955,6.237851988644166
316,82.08150259297312,90.49859032329219,136.32071259837647,146.39618472504748,5.971343560046223
317,84.6283508700702,91.50689063379791,139.15563185203067,148.41123734281533,6.348905030120707
318,82.97305547063472,92.0835863574012,137.25883674371875,147.07821640926957,6.501004398800288
319,88.46578818130263,93.25509968754127,141.97665997054526,150.4207809483548,6.615800974607516
320,88.45637035785234,92.97249131268288,142.4807136939001,150.79016035181726,6.920012479623739
321,83.76641300321856,91.38433327930558,139.22065928407827,148.76328933477,6.236261252460404
322,81.09826579108892,89.35461715277381,138.56966985316268,147.93729384758555,7.471398781707765
323,82.84099256887211,88.28914514256074,140.18524839239532,143.25817680977963,5.766788255050553
324,89.84931566590838,91.31141427192279,145.30083632486804,148.4723145211607,7.291544101457022
325,92.02851739142436,91.18784643302057,143.86505541096795,146.0339258512433,4.469385163202428
326,85.37929289237115,89.61666824515304,139.19663568994875,145.98440326944277,3.7167751041745665
327,79.52803401844403,85.64768490751759,134.45572459767672,142.15503981970133,4.082655719679903
328,89.15468007056052,89.95031992039598,143.07253908443485,148.64400879973235,6.413036159714026
329,89.08592765682734,82.08120066858545,144.66388796538823,146.70381613224865,7.6532598850624485
330,90.32597439009417,82.91527318214578,144.5286265441621,146.66238184017283,7.004092027455494
331,92.2279916709424,83.043236860126,140.64411796653607,141.32553376395023,2.1524493542533327
332,96.37059231776068,84.25571535698984,140.63617649671272,139.77727304156366,0.2541732858397042
333,97.56722208336613,84.21744363311686,140.35573590964896,139.11290800455612,0.30111824574494855
334,96.3700786635581,84.15616422800169,139.67911671963918,139.31341891595198,0.4665226195314265
335,95.4017377939283,81.755288879513,136.0874965060655,134.29957822489646,2.987101416153194
336,70.49366896699799,69.9115454170836,121.30574105188501,123.97478982831217,1.6725760580657136
337,87.07635139294727,73.78816668092834,128.08146649571614,126.82395851107387,4.442684754167304
338,87.91555576474654,73.22832352278898,125.57959971570314,124.57725562646054,6.2020348817593325
339,86.26085065315787,-1.0,121.5872471284432,119.90930722135427,41.16700768936491
340,68.82755480123036,64.60580477485357,110.30941375425841,113.09127823154355,11.765645372750761
341,82.66257138292399,73.26177721152075,117.64993211937741,119.02659138091506,11.806117654344735
342,80.57132378903252,70.0210322669206,113.30176914960896,114.87333479787294,13.478546682709208
343,82.83384502466042,77.36757865033455,116.41545373512409,120.0339227052884,12.56319734137023
344,82.64336260634306,76.15305368072657,112.57394197403868,116.0546910115859,16.045882809754417
345,77.86450159148667,70.49454138545894,109.16182664368176,112.49108483464641,16.53169181470965
346,77.8016194285381,70.12493699052567,106.2087426194789,109.76164550913462,19.46983686703592
347,78.66735653708561,72.94378211328919,103.1536288727435,108.36345669819498,22.750349488019594
348,78.12330951371965,71.19071655316863,100.30144421983027,104.88664015257429,25.082415045401657
349,76.101242318817,70.01682207549534,98.59720580762507,104.64540036543264,26.17469865823721
350,62.573015246282154,57.405427185125816,88.89661159479961,95.93961575237842,28.752696087430916
351,62.18393462155265,58.227168434498054,86.70900587431423,95.3770925597196,31.724647419763745
352,60.13223407051546,55.692561427371004,85.27820663170118,93.25045237843905,32.16281632814574
353,59.54252788021117,55.61665409100778,84.12980632857234,92.97329591424568,33.358663832273365
354,72.57150320854696,71.44284754622231,91.77296160532804,102.7728920829488,32.464415303280575
355,58.343697943084344,56.34356964299929,80.18733286333723,90.23793089470888,35.105374222540576
356,58.94641264856136,56.597659961152665,80.08441592842965,88.78985539474517,35.66107242709027
357,60.218519394714306,58.26261680653224,78.82563756320795,87.86194952280445,37.91107995460109
358,60.651981324097406,58.674049879017055,78.04212781822059,86.82875281671613,38.70545325946966
359,60.868280976292375,59.047680403716726,76.51149059036817,85.79336551800542,41.05461231242219
360,60.45576540782785,58.895873364122906,75.50858699256096,84.4423468608262,42.07132744436107
361,60.50099069711186,60.153143172996664,73.47439608906271,83.53923802633119,44.419085514879114
362,60.386858700640666,60.25202275209008,72.27208958051237,82.57069908387602,44.32645702227852
363,62.16310102862116,62.09977415392597,72.54516564898742,83.35315046831137,44.86679174169799
364,62.017039226162225,60.449107946915284,71.7411421514482,82.0580172613664,45.4153608517389
365,61.390913227304,59.028140752374185,72.50825894423788,81.7912957233634,45.09723141414653
366,62.41353337627474,59.73128872132731,71.75796301097571,80.29270195371667,46.73669110222999
367,62.95937086661658,60.680528035656785,72.04244874086352,81.24383531081259,46.36592608215137
368,62.647834570362186,60.73163531398291,71.9895588869498,80.85992039411848,46.354690881397325
369,62.42786674164545,60.35423112748833,72.0637376972927,80.91380311894072,46.58516159850963
370,61.48568116151455,59.711960698418196,71.43415941840577,80.85038776146558,46.63548064166149
371,62.431062343439244,59.62721377621116,72.61623796882554,81.82022032554609,46.236282426440745
372,63.041681363555504,60.29077775861322,74.00303045879468,82.72782856655996,44.518964019964436
373,62.22494551898366,60.218484570236576,73.32662716568032,83.04729842672258,45.135945457096966
374,62.94997612381822,60.717016358192055,73.4978844188921,82.87255665174452,45.468857860643595
375,62.09219207723809,60.212283153466196,75.21099321919806,84.21738346730882,43.74480304844078
376,62.14165369008909,60.18174367062268,76.56753466177304,85.15083306146721,41.22767563263276
377,63.277220780043756,60.54111876897683,77.78663305225298,86.0094643035047,41.27766434158653
378,61.07690604245708,59.42333396025432,77.72691555824964,87.43725879786611,39.54538737320361
379,60.317398710478216,58.057473055269575,78.80063056303484,88.38081969819929,38.364987459992484
380,59.98142180855097,59.06061991679478,79.28317432101085,90.25511346647801,36.94563174850832
381,59.77814472183995,58.66974107308129,79.71201869059924,90.01339529278064,36.439108544004306
382,55.87096829444198,57.77144386447283,82.99677322993905,94.39834276996453,33.43357462336978
383,59.7102139660825,58.06476472105041,83.104591404164,92.8181218420263,33.966293572834374
384,59.34697696600738,54.88759298709726,85.09341300759829,92.08822815215868,31.954915616737928
385,62.541458647390535,57.47847600197124,88.08974464119696,94.19905226038411,31.17080360313534
386,62.005289196683705,56.723385314891935,89.95231586815333,95.21390312839358,28.940963031928803
387,61.88839789310938,55.347465087589505,91.37123529918796,95.4882900148138,26.17047973066484
388,74.66690271482948,66.37851898986594,101.89627955775549,104.05510233642327,22.72570388808919
389,75.42519272459953,66.3586642079279,103.36020764792212,105.97788303856339,21.622073720746883
390,76.18104707464346,66.89084151928638,104.17129475365,106.60129427383187,21.74262050555616
391,76.50348791995498,68.00316043296769,105.93793785498352,108.47684434583716,19.713499369908742
392,77.88198839215876,70.12288209961035,110.32552481702776,112.75391183398882,15.95669546380308
393,80.22364301241987,73.40020104557233,112.47707612565448,116.23668302304915,14.828426445961252
394,78.09528706330686,68.80135903776517,112.64738386682531,113.794195347353,14.019056598926435
395,79.67473421153048,68.84284455937171,115.0122603433783,115.94072325825218,10.809921813449556
396,81.08831144369047,69.70806849495243,116.84215641157121,117.86058825447033,10.64004519281923
397,82.00192427107294,71.19924415481886,118.98735765381417,118.84220071073226,9.58965232062224
398,82.96688224684368,72.7137211074953,122.56908924803427,123.16555554777956,6.910485612833792
399,83.54898063011298,70.04566056109071,122.19690594770768,122.20199402114098,9.59457294742628
400,85.4803372746803,70.94529879452757,124.8266643070088,123.29535180851715,8.47054648974727
401,83.98557917383597,72.54439628039607,126.23214173032184,126.472518836025,6.232991696178342
402,89.05500109299741,74.97230676805073,129.58785971611357,126.20857414240271,7.046748319188909
403,90.99982306011553,77.0262180731997,131.74644760322303,130.22883207976528,4.8593603648260775
404,93.47136176044587,79.55481392620946,131.66268077079275,130.67665358950234,5.367123976482238
405,92.98821868785588,78.6884733200103,134.37730311944242,130.51004672200915,3.3853629732272412
406,94.12804933072859,81.13153414277899,137.15375565177285,134.73192417924426,1.4883120695283831
407,95.25306999218054,83.36687367112205,137.76780264747342,137.58240623224015,1.1887521636653526
408,95.92010120605322,83.3550126768932,139.57688588725225,138.36139132747041,0.1986356189895473
409,94.096331752334,83.7450694110512,139.30300662200108,139.29604299436807,0.07420447351292636
410,92.44416986524159,82.99668695604187,139.71358075768575,139.86597771301183,1.0864507108839665
411,92.79938659897724,85.9730344753059,140.60152171383137,143.06220460791283,1.986686314434483
412,89.22399973871002,85.5624784663348,142.02495219669456,145.07592665892108,4.980448218083445
413,90.95024993300132,87.70462196704321,144.144084989564,147.07112781014226,5.827392309678137
414,91.0022950255573,85.73560378934471,143.4985590628093,145.919039301233,5.34794693155621
415,89.66117219291957,86.94843203713394,144.09977797838266,148.18036921449504,6.285493186630326
416,92.57599346372062,88.69140083502856,147.6102580167925,150.59727023286703,8.36146707893076
417,90.96197335862777,87.02830424529067,147.33790938046766,150.39553922567384,8.973371800911197
418,88.92694828899171,86.31938335139552,144.91422697164262,146.56721562977643,8.127183490403496
419,91.68863747223162,90.73874296917064,141.34548793484305,145.29705792860457,2.9681325060610613
420,94.70089055960153,93.85505068079084,143.7022085045636,147.67007492353045,3.9360918131548193
421,91.3666608537374,93.15498838151089,143.24552409162953,146.29432435809267,5.2609825579716105
422,84.54927737161165,91.75382657480594,137.09114784174582,145.50375146203035,4.977701025078294
423,85.36988467355972,92.82098029747095,137.64142674945802,147.24500334118335,4.828885991506449
424,88.02362848168458,95.2385158284596,139.34999941167507,149.53559543258265,5.8642765576358205
425,87.87129406459478,93.66286399384919,138.23314853547882,147.6975259879565,4.84723061298025
426,93.53645730401189,95.83598740631092,142.74641746690682,147.42227685871873,5.015771427253178
427,85.99870933105456,93.59813243541461,136.04449416237705,145.97511086889116,4.676610418673868
428,86.50266515718302,93.41738264217497,136.8562008995339,145.86773645116912,3.6299645520613018
429,86.54834978720486,91.24000008875781,139.05431281701001,143.65663903332296,5.42237589567004
430,85.21229184492037,93.617156643084,135.63811932994776,145.89508157778107,3.8036285773959126
431,82.05170079970144,89.12913254442384,129.1917927980723,140.70325634795603,0.4138619416361936
432,95.88944627495346,97.59543863285417,147.82160468235355,152.56499576161283,7.9681596370449235
433,83.20415624551421,92.16759811448095,133.90866826978572,144.91619005745005,3.868685333994908
434,81.73503219635988,89.50803073477158,133.42754210026987,144.1641513356234,3.610350724222146
435,82.981666581615,90.1241090974156,133.75282154152535,143.7156441567188,3.046877601477688
436,83.79288147307923,91.59300771077538,135.88578653719108,146.07256542879634,4.32841088888738
437,86.55951537824134,94.24935232596381,137.2383525915418,146.91866977512947,3.863984526224983
438,88.17634614397234,95.69575361693471,139.81723432030435,149.21221167680503,4.582842518792428
439,90.261635532659,95.75026077957595,140.63527061435488,148.62079293830925,4.0412083302722674
440,93.99193029117193,90.00638451245251,148.54916233628845,151.24529339847643,7.999880663125845
441,92.4016795957809,88.14819244945993,147.0398773665155,146.87877591048493,8.144891884508233
442,92.49592574800565,84.03755344647718,146.9062858083101,145.9586733513136,7.967970691739609
443,95.13783408500248,86.75111246357218,144.648659575473,143.91396463638537,4.002237249887987
444,96.25152922097136,86.59484599643785,144.2349123214592,144.23347525815097,4.22943498813724
445,96.74952627606406,84.79282171890868,142.90589114727888,141.33731238388938,2.023807165517772
446,95.89705518453502,83.7853372195605,140.25890584803548,138.32527204243644,1.1725324922139928
447,81.06049665992981,71.64432158407762,130.32761357165353,128.34115932801203,0.775722592194573
448,93.43936319203486,78.71342329346399,134.53418845711465,130.71346521763948,2.163783988297184
449,89.52782892909319,76.3295922778248,132.39182600037978,130.70579607475196,1.2963307273295461
450,87.06042782256769,80.69393234723549,129.2520530444066,131.58984842514627,1.944148375934033
451,90.69723648639533,76.20660545034997,124.8816098466192,124.73151610481266,7.991310419308631
452,88.2558533027484,79.62843307047223,122.83116502983302,124.66547958901032,7.486521383617127
453,87.66239252146174,78.01603372250506,120.54338589509591,121.88022907734985,8.767364735308684
454,84.69832706170055,74.96161047752757,117.75251771151837,119.10145308850078,9.839319205021173
455,83.57774018684677,74.00207435695495,115.97315371291877,117.63955659710142,11.376627647439452
456,79.91197646419194,70.48823469271856,114.56359896046273,117.191417733077,9.774506096854875
457,81.84834225434629,74.58529687653555,115.27607562818605,118.19328597290372,13.353577880042263
458,81.04377266565831,74.98788686788492,111.85917260105022,116.52161718071144,15.267110855457458
459,80.45340372554591,74.69528644319546,110.04365030811203,114.5380071770092,17.05362985651712
460,79.64551243097128,71.66018728649269,107.7111138559397,110.96876815762096,19.750126506112476
461,78.56826714100863,72.571096829805,104.7471792833259,109.72161014010443,20.660349004979622
462,77.61912712091754,70.32402454263234,103.0814722865187,107.22015611852133,22.217937998809884
463,63.43966761980926,58.09484835883015,92.1194178188095,98.33996189301448,25.181767856035112
464,62.78757215859942,57.659186361431,89.30031608298911,95.21926052865138,28.168657505222903
465,61.497458406127066,56.07826824963259,87.52165062636794,94.38220532792796,28.012267298998
466,59.766195641091926,55.64705673594694,86.63397511180926,94.87007522150623,28.417292554467835
467,59.135077702153396,53.779723350364705,84.45585926561981,91.85593244542387,32.08691777894778
468,61.114262765483446,57.05835978387444,84.3629321412061,92.06866746252017,32.45228849314156
469,62.12767373654818,56.89549109305872,85.23511127591532,91.96904033143416,32.24041614199516
470,62.741535601890156,57.58512048498003,83.80123749559354,91.20593479430755,33.05705121873492
471,63.61960125351237,58.78566282036232,82.3612682335906,89.94534319438574,35.756238385048576
472,62.49583562677939,58.098917928763484,82.50643596385811,90.38625594710251,34.90659913836827
473,62.64041561456447,58.83033890040744,81.1811198811318,89.93442322945968,34.7954283210196
474,62.9038380035846,60.685475751441246,79.90118892236582,89.73061161671109,36.559111805780454
475,63.03590964587812,60.12466164073501,80.35062025981716,88.58436883019766,36.44872420535992
476,63.90136739554696,60.57939154188138,80.18477169988186,88.20147322533312,37.31585553423422
477,61.85174380525537,57.81431796597381,79.85794304267044,87.28290279324942,36.128658207335924
478,63.22305144862553,59.65692685605918,80.1024072638864,87.80965924900947,36.74262230979992
479,63.14068067627047,60.29087426903359,79.77393907502152,88.02799305174656,37.504142360270144
480,63.24851979826837,60.22998209031526,80.04003445153594,88.65279117831037,37.12411172264978
481,57.810235807324894,58.31968631345426,80.66237597508567,91.13533966304622,35.25572802565556
482,58.79046695524417,58.9519462998362,81.23993640872557,90.89701179082948,35.67620752478405
483,62.85582501040769,58.462872658154,82.07789505269187,89.62391975417093,35.944254420054556
484,76.31537430791788,72.20357879169607,89.88094972100035,97.6504940081441,34.08057519214132
485,63.921432927376,62.86687939403783,82.27993119725079,92.85011317627725,35.59938344680073
486,62.51821414311528,60.96164522564159,83.76790828930933,94.23430908253602,34.0566442688021
487,64.40090880224182,61.71270189103734,84.81694742642173,94.52505939095556,34.18092642860243
488,63.42629694832796,61.110995557230694,86.12394022746258,96.20502562934709,31.96670432637869
489,66.15226666498206,61.38091712084483,88.08801210445151,95.71214322303415,31.301821861575363
490,64.18753878902203,60.63412673507276,89.58639703734174,97.634018085935,30.287024701687766
491,64.98417543865597,60.02495579464912,91.79266853960782,97.99760819678629,27.050273239009798
492,64.13097942857122,57.92777602315663,93.93502133689505,98.80024236555518,24.397142234994607
493,78.10124009781609,70.86778707631397,105.84317679905416,111.05651291826247,19.103772441769333
494,78.95701192080368,71.82571817186367,108.2890816230883,112.55734592795653,17.463934915922028
495,80.0943150309396,70.78103268989742,110.33335721356423,112.87956450795046,16.819796966236805
496,80.07994756545563,72.02520297688294,110.82323593290701,113.88977986007723,16.483438091692996
497,82.59539900956246,75.18702266929311,114.70227721980629,118.23281838701175,12.689377608037175
498,81.79366691481803,74.3119284267866,116.69450721953845,119.17078278467575,11.145336958381336
499,83.72000080636846,75.85532049471092,119.06390883868133,121.34445644221603,10.088552113393229
500,84.27325027576096,73.04495225512387,120.25325397892564,120.74901884843628,7.929068993443752
501,70.46188936259301,59.978915537042404,112.56093705862662,112.4467188526757,14.0704827131155
502,86.6325698130195,74.03764275793434,122.47346515655008,121.74579723350053,8.077250789415071
503,84.33655981911257,73.07679126401916,121.34527319524888,120.65327505421088,8.522284941417947
504,87.36563901137231,76.99793536659763,124.99415062239306,124.94810571674701,7.089200336327382
505,86.48672570928198,75.68804948201708,126.09978412229565,125.5326244952326,5.479164260946405
506,87.07972835409728,77.50302656740688,125.85023073251271,126.67198521181929,5.79055828311612
507,89.54926958435563,73.58146375778588,128.10880326630496,125.95146728295032,5.9083744161844525
508,89.29259404489054,74.77271109235761,129.00083604314187,126.68592018515271,6.576868499997874
509,87.05907067679168,73.81802674196244,129.78453099397328,128.76209927444432,5.783116986095825
510,88.74215019521293,74.86505688529262,131.41003647414277,129.800260768773,3.9136794076966965
511,90.1798658856289,76.21331655771348,131.60768567353728,128.85876748669762,4.214107489768122
512,91.12254990824233,77.57125775405981,133.59403479227578,131.14776310216263,3.545795859653297
513,94.21925716361501,81.14082415037194,135.9006556996783,132.65488957946656,3.2011375861607796
514,93.36808557968783,79.53109755344575,135.7963239504266,132.6766703138894,2.426851577834021
515,92.87703576861435,81.14790943363771,137.07247072991834,135.06536606214135,1.497871154069807
516,94.37898023945424,82.54369889858206,138.1895932589565,137.94781085902252,1.382080439720624
517,95.86863405436043,84.15851932484131,138.49000931671898,137.36544435341847,1.55217543239932
518,94.75365505990047,84.16228512073751,140.12571305923538,139.6512031439377,0.3322029486568964
519,92.68691152744745,83.07695063464419,139.63595484991268,140.25619823287207,0.6070488788429799
520,94.00328134256827,85.11775880530315,142.16316284054545,142.8635462399146,3.2404996303047553
521,92.2294864520107,87.16317096106977,144.60349430327165,145.09149548780186,5.346145826792525
522,93.24733834270494,84.24747420436843,143.58382469828365,143.17602474429592,5.2603725068097
523,90.9302370201305,86.97700446042141,146.0742954668199,147.40678871444123,7.39915820003888
524,88.70944401570439,84.37940198049522,143.7163955208811,144.30670143369434,7.058651019151243
525,93.54482955793235,85.37190052587263,144.33830544289302,146.02348669128952,5.838452836299612
526,90.91276935116065,84.85617554837347,144.60265469796684,146.66533145281974,6.629621051666752
527,90.35220635169026,89.53462557493913,144.88970560872767,147.2806726611745,6.936370007221634
528,91.30902700693603,89.68700410837363,141.99081486638008,144.04068596919322,3.7271209092064512
529,91.25103877177003,90.19866143496324,143.34636685156676,146.2949434683379,5.876768794177093
530,91.14412912444472,87.35601232966893,146.3607629116642,145.78163508194513,7.658232854834918
531,88.208210216672,85.2844295216822,145.9844201819176,145.78939546695108,9.131337088384258
532,83.32991326247938,89.1693972281669,134.77617159171635,143.03088002968383,3.3273600731895785
533,84.91460688221014,91.12428408705917,136.8060377896291,144.66858899166698,4.368434241472937
534,83.21657123553108,86.61147831305325,136.69578207818924,139.30329887425123,3.8088864455732008
535,85.1437494006549,90.94281115863298,135.65564282877162,144.5343179317255,2.007881379689155
536,92.94532303488005,94.49180899649431,142.97812043136383,145.80440486296797,4.625557615380161
537,89.63027417271913,94.74798221404765,135.28151225298916,145.48021846089804,1.5112344849192996
538,92.22012375712538,93.66340873633652,141.45049224908053,145.00433254010582,3.133729363424876
539,86.70089192883607,89.75796687393529,136.05903477279656,140.02438667154203,3.4666306166501966
540,82.25945575534689,89.58182366335015,132.5832409223109,139.26202718314545,2.499089950981688
541,93.57286104729805,94.61052116085656,143.9450556554724,147.06772857463545,6.284372753656724
542,90.36499253089954,96.64551472314874,139.93239547386494,148.62483056927465,4.700662264419517
543,87.88019935730544,91.34927789249626,138.47884602545088,142.39278692605978,3.802770768608096
544,85.25097917821293,88.90477995794366,138.30135334709686,141.21023436832985,4.49772753396796
545,84.84404775537796,92.6723114505214,134.39565391419944,144.63612658966025,2.000424983485438
546,85.31416383818208,92.25449507243114,134.28002747592078,144.10158735411096,2.270109161471333
547,90.38263927958646,92.0526667343516,141.00585828938725,142.94129025249006,4.134913188074705
548,84.64851991574447,88.56970203635443,137.17812320644123,139.70079275941166,3.4293203737067284
549,87.14583514479706,89.84017479771468,140.84971847796575,141.51571781958373,4.4087860428959225
550,77.78282784663695,84.4470218232413,132.12850470736808,136.0648604924103,1.147981689912448
551,80.6583548651669,86.23636548576825,127.27786507278705,137.7767871163583,2.4794378246507245
552,93.93272561133038,91.80047747220817,147.63564710601352,149.4592771524635,6.654983178949706
553,90.78587633669581,86.6354298744911,148.0764417169332,149.7329431099358,9.315464459581463
554,92.44005721800877,86.12412815258743,147.17853557485935,149.6217866091426,7.616325649545602
555,93.89156550268656,85.6475973418066,146.23640913247425,147.54714346475063,7.4647431326348554
556,93.32552139322503,83.97643328825201,145.496977660726,145.45711186433337,6.451718515759425
557,97.75719977270232,87.13227841142412,143.9405170319037,144.00186097169205,2.932097932459842
558,98.28871230213872,87.23935032932036,143.40772050001195,142.2631487776048,3.3001944223300157
559,96.6931913391861,84.02952076719832,142.09396837037755,140.22240457642687,1.6801004158219053
560,83.59292007048496,74.87470661980929,135.90705968480628,135.2073747033122,1.599673042372246
561,96.79434510398225,83.81225099057086,140.6929253272133,138.73496566986393,1.6877504253380282
562,96.31931548684423,82.62470645624647,138.08908622190322,136.58805570143372,0.7789577850365375
563,90.74061227636615,83.70422934302347,132.24839613268892,133.83031078173457,0.5599021247368487
564,89.35590099754859,82.08696729112303,130.2030983069315,132.36186367675884,2.122575415683
565,92.30710615815941,-1.0,128.63432047578297,126.81798251897357,36.79040926049459
566,89.36259141931792,81.1026400044423,125.45873654058508,126.56451671281961,6.968013134563263
567,87.76285940939952,77.42031592702791,122.51281505678608,122.39178667400542,7.82854840428768
568,84.13947713998478,74.62469168188598,120.73881984596511,121.03238289246752,8.022296565005302
569,83.86702024019861,73.92971198806457,117.54216023317576,118.14658288885043,9.664441626190252
570,82.94793635995639,72.1853602579021,115.7421975352382,116.25326985000133,11.07172688834426
571,82.50601698962433,72.12998897105645,113.59043687753417,114.13461595374156,12.162745801734989
572,85.80279321613094,79.68737806909627,117.72589744827744,120.6874685082634,12.525933539349944
573,84.13513511660574,77.91000205013995,114.78355431455357,118.52352200518091,14.548426248927061
574,84.49405876008436,77.88272367322696,113.2580252484484,116.46762177462477,16.846590281148
575,83.41234750007575,76.45297252142193,110.56335068060301,113.64676495286064,18.144124629306383
576,81.67854529810494,74.86936144823292,107.86093856293103,111.32229612697229,19.69401940897223
577,80.91525862040626,73.57435188705635,106.30565228976855,110.22993449890001,20.72224425106309
578,66.48806807483282,60.57009799238746,92.15529460497525,96.95161364510543,27.705459454673576
579,64.61602419303087,58.09402305108339,91.61954230551453,97.2718024543678,26.37717880182913
580,62.584605358017996,57.834254583766985,89.4790068275262,96.84448171763074,27.245614736797318
581,62.46161269680247,56.80201494058668,88.73552137259787,95.26636099189791,28.353710802115806
582,62.41028266911145,56.18527780788875,88.20075099143818,94.27237208092536,28.928568649428623
583,61.79064911883423,56.593751263545386,86.04115443833238,93.66201466803263,30.31889128360347
584,62.31227202827085,58.32057474694228,85.52601972647007,93.53585451336717,30.638575250331375
585,61.02090571731153,56.98718674566412,85.74356535741359,93.49898496534651,31.06034017800661
586,62.07881948754001,57.68681927163237,84.34104346442973,91.92171136525518,33.313486587450726
587,62.18472415944034,57.6338738243643,83.54175478818742,91.04791574221834,33.3050274131784
588,63.98329852961084,61.11183936767254,82.45390684192714,91.0709581717462,34.557291951411635
589,63.32742075771641,59.040791160795884,84.1756226674725,91.59677516371919,34.2733639259806
590,62.899552929419364,57.91462393504164,83.22762354990044,90.01332141726743,34.155733151709455
591,77.24476903993772,72.00444119484268,93.25852815329688,99.6742567069638,31.40853964164913
592,76.95298769619433,70.81917735794033,92.70056666213145,98.94344812617734,32.52800414488149
593,62.935115531983,59.091675641344125,84.51954101211564,92.48992299205146,32.48927258542411
594,62.93965137450632,59.063531746264154,84.05062900110603,91.88036137557128,33.6281247173914
595,66.18097967094555,61.10090985516388,87.2617443496562,94.71099660208864,32.86607971684296
596,64.75375696755297,59.54370357274235,87.8493121459846,94.31722156717875,31.422566989828958
597,63.2429887613334,57.733887433139344,88.2763680159815,95.1767851510132,29.898744618785546
598,78.95015935403595,72.61988493810665,98.58273224917754,104.53522061452958,28.52427295965736
599,64.31266176253938,58.64699517744343,89.96776443035336,96.50467602042113,27.505419754092177
600,65.3390213932445,60.46494753722941,89.99827642743699,97.0505869575627,28.663875910268317
601,80.10565512911144,73.87655848177157,103.53190314157042,108.63314077402657,24.276956228953125
602,81.95897346519757,73.70708364936058,107.23663775993846,110.81459037079973,20.66665972961179
603,81.65671863043639,74.92282189092501,106.64870768996356,111.11213907966025,21.25352878166573
604,81.04789783265164,74.07035205965151,108.61493122845715,113.07079878400711,18.811856241418827
605,82.0081909169337,73.61564213282949,112.10413774351868,114.62198729415474,16.141277735940978
606,83.98309994770555,75.15878134650927,114.8152169852337,117.50258399608096,14.625668399863155
607,84.21488618140155,76.66572646963084,117.34036225286734,120.10919865946711,12.443028186941174
608,84.82285211190985,77.51203286064865,118.59326931267802,121.84497555138954,11.582225861111445
609,85.27270121637667,76.1780101423098,119.93690451038681,121.67301365781638,10.287947224332306
610,85.20983671543834,73.21555930982241,118.84976411882677,119.26071978807413,10.999362739411303
611,84.47946271202625,73.15582416735235,118.63568058504661,119.37983327677874,11.066007400300677
612,86.16046691665139,74.64507124149311,121.37118079673314,121.49514744720472,8.586463380570578
613,88.57850369743464,77.20930536218366,122.83279795834335,121.99430033869618,9.674760383112528
614,86.92105041859712,75.23988572977872,124.81598499250786,124.81445764899291,6.2123348403358465
615,88.69899714638686,77.72030201959016,126.29554868143505,126.87777040280697,5.19200051213513
616,88.67665586869559,77.61657711370022,127.82095910345134,127.81405749328172,4.593641033822585
617,93.48992019711979,75.50485494345108,131.81605643344955,127.49367741682786,5.325167697631044
618,92.1733963564679,75.47050440934598,130.67345389578642,126.48338499198935,5.822751302571614
619,93.36823696051098,78.37652910095574,131.5351753265295,128.5907845396309,5.48140283118173
620,89.84140661656181,76.49376747578488,131.62328662403837,129.1639727434915,3.5298850533357933
621,93.62736080299472,78.58870683197416,133.90618938628808,129.62644121295997,3.9272005057383748
622,93.13202239006625,80.07019922413266,135.0848317926955,131.77754756057428,1.6801127963691516
623,93.90742758168952,80.34811970877193,135.68115155520485,131.46604007436557,2.0379780729506036
624,94.00546068212931,80.24014432525885,136.9868819718334,132.90681575230684,1.035848744101996
625,94.57394231540599,81.38291039132986,137.3747600552907,134.44063093169368,0.7748642185211267
626,92.54289781880915,81.39246810556124,138.02242281687128,136.03934251833238,0.31797832200078885
627,95.4800618568251,83.32166145166204,139.74159374917127,138.6406661091582,0.027645174045521078
628,96.49797480557429,84.2572559344417,140.66733748682688,138.96654485293104,0.9435464249931489
629,97.2433753490415,85.87534585607591,141.47926565845555,139.57751934716123,1.2795531320332794
630,96.58613955740287,84.83532481927257,141.72552632802766,140.09314127517257,2.034013726973031
631,94.86308562315695,84.58218288055583,142.32544200519447,141.98476092804972,3.1244562914834626
632,94.29667417821351,93.74312859790815,143.46792420251322,148.77118435396147,5.831678978681269
633,93.54622259618714,85.54795585168777,143.86919254258748,146.13438780008826,5.770385486955428
634,92.50821453020443,84.17123316206167,144.34031592496663,146.00928396663377,5.989530077855063
635,91.3519899257368,85.47068632537861,145.2003824222978,146.21715745124007,6.734564452167741
636,92.95844767977597,86.43815982429093,142.97663397226435,144.7674279072709,3.9321736011056316
637,92.67828283833879,87.08602359381082,144.8571130876916,147.54407115814985,6.889321095948681
638,93.67852940847327,88.2690680089658,146.7398650046496,148.8832656305285,8.250475813507176
639,90.55920957026447,89.72537429197897,145.94277863082337,148.14816270391438,8.04993879275917
640,91.00379770356382,89.23480032911792,139.1500780566849,141.14055533567372,1.0821742355700739
641,91.95355323669585,92.07146354363437,143.37589318002514,146.2887146762179,5.75288993905172
642,82.65362296120865,83.48514111009415,135.58506848389592,136.28357235187985,2.376604600193378
643,92.13174010189212,93.15413884724944,142.4575239313729,145.50482119891794,4.3606439917339355
644,70.07008867413717,79.10117641491152,126.08300321133841,131.77357552299998,0.2572155743949998
645,50.647769021004066,73.480945619377,110.52600270954996,125.72311256187346,7.154832504718392
646,90.46472279238411,92.81493938219033,141.53396738724683,144.79283716275808,4.496222775081293
647,87.169276272296,91.64286922327328,135.75598918001273,141.75669886604572,1.3682143656966135
648,92.35358367452905,93.87637399799856,142.00913500362682,146.39790072387322,4.440420012862066
649,79.73271936460246,86.05628493899303,130.06897988782396,135.5632175552152,1.578439485603952
650,82.1299203333672,91.6431137721947,130.95968106162655,139.8006458323299,2.212451104568256
651,88.90852304350877,91.63372070637185,138.2197926455739,141.59490777529328,3.1150288533874044
652,79.7316038552025,88.06568413145395,130.987069168093,137.65381619954334,2.327121062605052
653,82.4918146878363,88.43358262780662,131.53474990876796,138.28094186588953,1.8531916191347573
654,84.35349741410997,87.3118301566884,133.521182360626,137.91368697828463,1.6517665905884023
655,70.25538610258141,81.4772815857036,123.84229487677825,133.37794481551583,3.0036941048375114
656,86.61331170378158,90.40964366247673,138.30349355510296,142.04093886440754,4.155264389441528
657,94.5143513227378,94.80597194521856,143.98617829104515,147.14105227179544,5.157591301273578
658,90.23419325299986,92.09663561881182,140.9572021956014,144.87641458967676,4.871595209830399
659,87.22496776316233,90.2215846832664,137.0362078115396,142.1452832674038,2.8811686242657104
660,84.33895917499507,88.67109423339983,136.4915269153991,139.96144716976954,3.4008001509768935
661,87.10403375747109,90.80834734313933,137.81071251847675,141.24776999574243,3.630363330428128
662,86.07744698917404,90.62144062190937,135.83106977504994,140.11814690469546,2.1826627399340994
663,51.696234618664796,78.81823554440595,111.21900966635367,129.9709489561633,6.164111483934288
664,80.14158621245048,90.24264880044606,129.72392225925796,138.50727141223072,1.4421321489122612
665,51.13417351596866,79.84416466200297,107.8252419106789,129.70019005866732,5.865784709707675
666,67.45723754562891,79.90600617669963,122.21115188763325,133.20458800784772,3.5885041851053763
667,66.78203815175017,75.32597877248514,123.12133059221185,129.0844655068956,2.822068459947083
668,67.08783866378141,77.60958167448928,125.00707322813851,132.3051878957655,1.0188709726609426
669,93.22841686977041,91.25189155208156,150.47180394255668,151.3778324922426,10.39240350237315
670,95.40435799158641,89.65469111196954,149.7454593457343,152.01822366272597,10.578862396884151
671,97.23446411545287,90.40551271821136,148.02585742834842,149.85774014565308,7.545877490023879
672,96.17774284745657,87.55252181959798,146.47244698763333,146.81203157134593,7.549117625509844
673,95.16881483109154,87.67652808686753,145.85880892254937,147.06989651243347,7.020558019585462
674,95.6528771940279,87.81100297634406,144.98616456542797,146.87761478517325,5.671583673182631
675,97.73181530624058,87.56531953609597,145.12535778017582,145.40409214938637,4.528968377439675
676,83.2992815856477,76.34876558383863,139.9410055370083,138.99836044337385,7.223508857480508
677,81.88643686361134,74.00228141548298,136.6473898220073,136.34412427699942,4.383842636907952
678,81.71022442142345,74.05434320411953,132.91649806989943,132.84218857948832,2.1642368943303394
679,80.42679102944474,72.24292187902901,131.71958854549734,130.20531314903545,1.3322429839890284
680,75.92991760775112,68.65620921592243,123.95527829785088,124.14608067331318,2.977521308100051
681,73.58073493920196,68.63237666141733,119.99584194582393,122.05026274937215,5.0592091785691595
682,90.13129832265862,-1.0,129.08945937532812,127.84906163066746,34.60710658839185
683,89.20623701845608,80.64041961887919,126.91508576317952,127.591467110886,4.108685783717694
684,85.93290244834336,78.66193275967011,123.77578652511829,128.29773562247627,4.7275463435353515
685,87.20540067138339,77.06355236934877,121.94270908334231,123.18842874151545,6.86131716646591
686,84.09054882391925,76.21951989623035,120.3700729272254,124.25032781553358,7.577396343887752
687,84.42267141884938,74.47468369654715,114.55106785500502,115.91695901350153,12.402219309667919
688,83.7263240825845,71.74160209978838,114.52636733189742,115.04524602701271,11.104564452351743
689,84.02820524299064,76.97329768329453,115.00417831471869,118.03042443106715,13.549828494438236
690,83.69076400862431,75.42614945786661,113.18013184614752,116.42012901146785,15.678140756941087
691,82.62446663878372,75.98164156326735,109.48777484477584,113.94679317625132,19.078222836282624
692,62.66659741772904,56.29326068045807,92.85556102162109,97.00296704247617,24.132068739927824
693,62.132644388937194,56.02974385602318,89.57414713104053,94.71426132158632,25.878886124522232
694,63.62977761660155,56.438186125939346,90.16484615327701,95.08877175551649,25.860565050148672
695,63.29359585126723,55.22879320295824,90.42537472955308,94.5198217606109,26.982363560689354
696,62.97139298070427,54.076436140936316,90.25030997038714,93.54629838015144,27.384852617432205
697,62.856795397433395,56.096723161392546,87.98089933764906,93.29338453339567,29.120487671852388
698,62.92892468927775,55.88408991734219,86.71102368948252,91.41783126998602,31.743315300685072
699,63.0412199552053,57.746674195502166,85.65405659673584,91.46663298314064,32.418477865923876
700,62.52607053581868,58.10671484576813,84.07626887635215,91.50423284241401,32.37506011664355
701,63.61151153681564,58.16326220352042,83.09893529300874,89.88618444073403,35.09006251682151
702,63.38645750899944,57.63775906370478,82.19215765669357,88.5814215191412,36.30882131468438
703,64.91255288670452,59.73210976956419,82.50193669099647,89.15282627992431,36.58750059468151
704,64.25236726705381,60.427684680933666,81.15065493029178,89.59100312026008,37.19457754345771
705,64.328440651199,60.42791086209899,81.71755712029547,89.10725805986495,36.836620980056864
706,64.48530372200334,59.75928678583906,81.34882477502917,88.43255587090367,36.66536466453424
707,64.4781567186531,59.856025686030044,79.80668781576853,86.91475929273766,37.72028508602925
708,64.30928288868061,58.72216788565498,80.18174335463516,86.82975577668437,37.443345186228484
709,64.90803004113317,60.08967164138701,79.3607844266548,86.39125694094,38.223127511814575
710,65.92337852640358,60.77435349281524,79.97704982376408,86.73468623377693,38.356874102190346
711,65.689127365425,61.39368563732541,79.3961110545462,87.01608868841922,38.257148456504595
712,64.4985706400288,60.4794451998875,79.24187060063583,86.95300019290191,37.907468488646444
713,63.69875162307576,58.71732407008564,78.79370206653326,85.81488289643869,37.81653846955397
714,64.61613542632676,60.656427004587094,80.45497138440456,88.08114271046682,35.62633039632551
715,64.12016634120064,59.593529749292415,81.00246261903003,89.10428714946596,35.26037254658232
716,64.76120745790027,60.439637240702645,81.35388393616297,88.98720688003439,36.01440783185334
717,64.40028246160604,58.399969282447,83.63994751123731,89.43997362776396,34.927598844403455
718,63.72444016292691,57.942227185083844,84.96123677392885,90.9769331079825,33.28144260280716
719,64.12643203252004,58.53731965401492,85.35421121117332,91.85958830417133,32.798239232783
720,63.8610997242413,59.54338772080531,86.18837614114311,93.18078723005588,30.77998700843345
721,63.173237706179016,58.30535025619612,86.28175170316983,92.68481775735196,31.112229196977975
722,63.147402744840406,59.23757091350903,89.60473454708645,97.58039725551525,27.086925545816644
723,63.21156791973037,58.38835643879722,90.76831571799512,98.19711616837463,25.71920409155733
724,63.527058892072006,58.06329588431827,90.7059210605038,96.25239692359058,26.11488874566716
725,63.58774420311648,57.83244760366507,91.75202367297803,97.12176832833448,25.015808950855554
726,64.53762148025676,59.214254786041614,94.96449598625324,99.34532505466143,23.62262329152318
727,82.22641740449599,74.05304868023121,112.31496648205348,115.56166531314345,15.973806114290005
728,84.21289432925342,76.346442246098,115.31023134273782,118.9038226017998,13.643935943856887
729,84.39560204509847,75.32226564712872,117.53611532449288,119.5224210411987,13.137467293032568
730,82.18124705982382,71.40921391796121,114.29365708442337,116.12047163410872,12.713004415041588
731,69.60054947741378,62.71618636593172,107.20624793952673,108.80739653540454,14.074168524702413
732,84.92139828971828,73.88967695496288,119.03915221008208,119.43695374802485,10.566829760408703
733,87.68473495875132,75.09128475740032,122.60234841252817,121.61152015179852,7.802728306329052
734,88.58680438389078,77.27761362113715,125.04282584748753,125.09798864054609,6.869934550462004
735,87.05423593126012,77.05631622421546,124.8331536043678,125.09576939582931,7.11832608417341
736,89.55753649805301,79.51339012101928,126.10652244916643,126.70882139754211,5.972759262048735
737,88.35333830219567,79.91356527351255,127.25192485957857,128.57293544536316,5.0425894100326385
738,93.6359301345091,78.46265995258449,131.14700876791937,127.92868073643665,4.369149142020592
739,77.45303456764678,69.74777984064544,125.36530062594996,125.13629533274684,2.473806201006638
740,78.43990557639061,69.05962764168257,125.81859369932552,123.65616081644927,3.7342270419226957
741,78.85922911723436,70.342296768135,127.02676089957524,125.11763871430561,3.2000412889811822
742,82.59122496453719,74.37410071695477,129.84666953982781,127.83687031225838,1.7501342730664375
743,80.2200345144012,71.87606039485813,130.1656841811746,128.09127286843167,1.3415494603512195
744,80.60314779055915,73.58533574883936,131.10558614444957,129.40485814671598,0.33174781631131944
745,79.79111864334078,74.07710481210177,131.63393969028263,130.54871678073377,0.48595413605625276
746,82.14255739695041,75.47052695220216,132.84483180909626,130.37248888947525,0.7246276977085108
747,80.73912274906813,74.80348561675505,132.67847909908397,130.85345143760506,1.7449556622828293
748,81.52597708191072,75.88100491497835,134.85369961909652,135.11131288525027,4.232365485787763
749,85.15804569576733,81.60140497268203,139.862772144805,142.19599362219518,6.70381108994097
750,98.91094409458951,90.34572636950797,143.5719990738518,144.11533733522646,3.5731000611611257
751,98.04813656718161,89.22265218217156,144.14876359592864,144.44487823540615,4.514928946305065
752,98.74677538319754,89.24863979492288,143.93358399589582,143.30489070888308,4.315375230169353
753,99.90232144150959,91.04865947112566,144.9804682756708,145.01848424485695,4.56042745556368
754,97.34614325458351,93.0805777816368,147.53273795497347,150.0465924738028,8.60059206431906
755,97.58237541706713,92.85237160331515,145.9500556207708,148.7897007753785,6.3403560367155025
756,99.29852516549143,93.11413007425043,145.6904846879639,147.9037483982872,5.52871076071223
757,98.58744667458737,96.61555190420695,149.7319271236492,153.7849445741683,8.79972318597764
758,98.84201735949166,94.17565111990622,146.73037913465288,150.46692421574556,6.553492967892782
759,99.28932017260935,92.89535569617311,148.52385436405947,151.45908094271536,8.097570453008483
760,101.0647495444746,97.35524139344692,150.70630954330485,155.1063476868252,9.453219510532284
761,99.10209679855508,95.84547455729889,150.53130189232277,154.898451072364,9.33059314820053
762,98.74717847862783,96.59689160233383,151.16019916611074,156.186476733791,10.633161079838544
763,99.44674353818004,97.61053361159306,151.6072630078797,156.48219598237822,10.796258349211548
764,99.32021610618929,99.43505355557127,151.57112999191372,155.7472246691521,10.745149199146372
765,96.8312467266545,98.59909534131062,146.54020622567475,150.16988225125877,6.598322144853587
766,102.07225577869293,102.16933861855975,147.44665886379713,153.1245366954136,4.852872607455531
767,100.09253635975044,99.95641597977186,148.0980162611207,152.84280345164098,6.588110190541018
768,99.9942986856679,100.59205788191667,148.79998648424757,154.8902215137838,7.7105071524043005
769,92.03013228096528,96.98529572146379,139.79898715595502,145.01179170921412,2.135979949635237
770,96.14111884539682,98.63083275826654,145.90849162612844,149.9599310977351,6.577501821693125
771,92.98498375625697,95.85322430127194,140.42034218596598,145.74406568482482,3.5423611921936957
772,91.41513089770687,96.74364533014104,139.87944566384965,145.62634655001403,4.2957934561267335
773,90.57594943905015,94.42508522964758,138.9758981724562,144.46511302002884,3.382109171827158
774,92.5119654943582,96.67218944899332,139.3582546368037,144.8904187216312,3.193072380852907
775,93.59053210117536,96.10487225273094,142.01818257343064,146.43069312914977,5.330955526653099
776,94.53581335865722,96.7671505021042,145.55096897421154,148.85337287963463,5.9788717066449175
777,92.29640366334692,95.14577497113726,140.39503505923943,144.70211065495084,4.064275845416692
778,93.20210929514917,96.01593191464792,142.7572398379115,146.1870272783394,5.62399990632312
779,94.39250663377375,97.90443570064352,143.02239015362022,145.71458327358803,4.795524971387127
780,96.2458953071008,97.56539450140107,142.6536682925437,146.3528357964222,3.9295168245482803
781,96.55650175145756,96.80894621459967,143.97918247945998,147.59357687146203,4.293430729297251
782,97.95874211207551,99.07677523002529,148.97939233689715,154.29005380007453,9.510960379290609
783,91.67039338852999,94.0949088326741,141.76574328361446,145.0059626249267,5.74272111222567
784,96.6901163813779,99.8456009295265,144.87822920850036,150.37317877732727,5.3782787603247435
785,96.86560267226713,98.18253617213789,145.3786384105618,149.87105921808947,5.104551845790558
786,91.27263644066494,95.25289718473789,140.7607348400789,146.21706276719462,4.187637047330744
787,90.78385528554978,93.59312136602291,140.3949209115015,144.07848576526865,4.322135533069742
788,97.34039167672391,98.91780877643352,143.9376524113963,148.78244594452102,3.670746084421491
789,97.39909948676525,97.48300078977695,146.14368743238612,150.49672018046402,5.922757430039998
790,95.54113168694731,97.12370823580508,148.42659523858666,151.92592204636367,7.2105724734780345
791,97.40840348661348,98.2888747356599,149.07413015973347,153.00956403217725,7.2608181654362465
792,97.21608365484126,94.36753073963594,150.17289473804325,154.2390182626602,8.389616792214815
793,100.18505026810817,94.85372719350907,151.82945557940386,154.3130772989436,9.104498728954406
794,99.62675718145108,93.02756108685743,150.7067228224571,152.55138460737803,8.162523006134533
795,100.62363148701074,91.31450185017451,146.4707049063003,146.77720324316326,5.567020024980096
796,100.29296350592689,92.93774971129928,146.79141863641186,149.36933637974252,6.96784389563632
797,100.97623884066131,92.82464677786753,146.73657591428804,148.4106486032526,5.877283690901277
798,86.09316490303978,79.89288602526128,138.7021518228327,137.37959086923374,5.190251612648032
799,85.05236544468201,79.37519369801628,137.93822421735146,136.9167387835167,4.9529181332851575
800,84.78497295109632,77.69746441304592,136.0365170194244,135.02440807959738,3.6870133685042767
801,84.08762000793455,76.76313725709645,135.12522509409024,132.6104042156794,3.2885743332996085
802,82.1257344853289,74.6537526882179,130.2894706387629,128.7744243337383,0.4906884814551135
803,78.32341368730819,72.2606715192408,126.04168674255585,126.24372252857745,0.9707350127186662
804,77.69795340378,71.0863771855161,124.11675113862253,123.68539959334517,2.632732884047069
805,82.12471950173324,73.036255931913,124.54271664402867,122.78114952292931,3.9334044289717918
806,95.28417111083644,87.3065266520114,133.15377561858566,133.85034205994768,1.6565152786745156
807,93.54341960284665,86.01550747074239,130.45909916107075,132.04404721408022,2.548976588708131
808,92.81514788484597,85.27187373862752,129.20894278159247,130.34514395620423,2.647718542137057
809,90.66305284887584,81.8474898957995,125.19770869571536,126.96953741509365,5.4777397794360585
810,89.4074486448322,79.18385491945335,121.22792853372076,121.6815112883779,8.482275407521694
811,72.56158160156639,-1.0,107.35046936203118,106.69497995364824,45.966903989691346
812,84.7372219802919,75.1104076614004,114.04348797379048,116.02875326439217,12.369531457452405
813,67.24897235275098,62.31929818775247,99.41754657323848,103.47003179483781,17.09222083666672
814,67.38743716165257,61.18625120707226,99.07476358874369,103.20570174910704,18.672571461334496
815,65.31515274719602,58.795619620084224,96.30545905029032,100.52861540509916,20.361561361000824
816,64.8881714708963,57.07624012230085,94.01559999167755,97.5828387005097,22.95104329894866
817,64.79370638804566,58.010007186552684,92.53950811014218,97.07954871463973,24.526624902263062
818,63.36438464464375,56.35108919987012,90.06100023342286,95.29373452482484,26.29308650950288
819,64.43743242635361,55.51067814892329,90.82605986064218,94.66712207803644,25.915750925628387
820,64.51556718345142,54.8283669975057,90.18440790512035,93.3697795668065,26.77561531787328
821,67.98481745825744,57.27751503645961,91.6504021951759,94.21427314221586,27.13001438501905
822,66.7228313807055,56.95981781581994,89.76495596972156,92.69505029306954,28.277138269001636
823,65.86504875311981,56.266494721491696,88.35306250668025,92.13778830132058,29.573935699011695
824,65.75171995271424,56.53498254152375,87.95185847542916,91.91868388639575,30.411786012549747
825,64.84016025334422,56.878461599470896,85.96131422487116,90.94972585925001,31.0720985138584
826,66.39627643921635,58.837227801382056,86.09483781004614,91.34665163831627,31.983766886968123
827,65.24734301684047,57.07007490745704,85.29713473017969,89.41053442644782,30.44826254709151
828,67.0740744756571,59.54183742501102,86.2712072365214,90.58946704597143,32.392880393667554
829,66.31597314038812,61.03060099917408,85.23961342909382,90.34795478163376,32.00789419850669
